form,page,ipAddress,lead,name,email,numberofattendees
1,1,1,1,Penny,PennyKMoore@dayrep.com,1
1,1,2,2,Henry,HenryLCatalano@einrot.com,3
1,1,3,3,Stephanie,StephanieMCone@teleworm.us,2
1,1,4,4,Andrew,AndrewVFlanagan@dayrep.com,5
1,1,5,5,Daniel,DanielAWright@dayrep.com,1
1,1,6,6,Jose,JoseMPatton@jourrapide.com,1
1,1,7,7,Jean,JeanGCross@armyspy.com,1
1,1,8,8,Kevin,KevinBKennedy@gustr.com,1
1,1,9,9,Leonard,LeonardMSinclair@teleworm.us,1
1,1,10,10,Bruce,BruceMCampbell@einrot.com,1
1,1,11,11,Guadalupe,GuadalupeHStrauss@teleworm.us,5
1,1,12,12,Pamela,PamelaSWise@gustr.com,7
1,1,13,13,Margaret,MargaretDMaguire@cuvox.de,2
1,1,14,14,Regina,ReginaBDolph@teleworm.us,3
1,1,15,15,Paula,PaulaWHill@dayrep.com,4
1,1,16,16,Jimmy,JimmyCSanchez@dayrep.com,1
1,1,17,17,Mildred,MildredARodriguez@rhyta.com,3
1,1,18,18,Kyung,KyungBBrittain@dayrep.com,1
1,1,19,19,Willie,WillieJPerez@jourrapide.com,2
1,1,20,20,Marvin,MarvinPPatterson@jourrapide.com,1
1,1,21,21,Rosemary,RosemaryKSalinas@superrito.com,3
1,1,22,22,Paul,PaulDWilson@superrito.com,1
1,1,23,23,Roxie,RoxieLShaw@fleckens.hu,3
1,1,24,24,Angie,AngieHRobles@einrot.com,2
1,1,25,25,Charlotte,CharlotteAFender@einrot.com,5
1,1,26,26,Lashawnda,LashawndaDJoseph@gustr.com,1
1,1,27,27,Helen,HelenPManley@dayrep.com,1
1,1,28,28,Annie,AnnieARicharson@armyspy.com,1
1,1,29,29,Mary,MaryWNevarez@armyspy.com,1
1,1,30,30,David,DavidEFahy@dayrep.com,1
1,1,31,31,Aaron,AaronMGuild@rhyta.com,1
1,1,32,32,Lee,LeeACole@fleckens.hu,5
1,1,33,33,Matthew,MatthewSDell@armyspy.com,7
1,1,34,34,Raquel,RaquelTOSullivan@gustr.com,2
1,1,35,35,Debra,DebraCShackelford@dayrep.com,3
1,1,36,36,Marcia,MarciaBHibbard@fleckens.hu,4
1,1,37,37,Thomas,ThomasJDomingue@armyspy.com,1
1,1,38,38,Jeremy,JeremyJNewell@fleckens.hu,3
1,1,39,39,Justin,JustinRWaller@cuvox.de,1
1,1,40,40,Brenda,BrendaWBolton@dayrep.com,2
1,1,41,41,Renee,ReneeTSmith@teleworm.us,1
1,1,42,42,David,DavidECook@dayrep.com,3
1,1,43,43,June,JuneLBond@superrito.com,1
1,1,44,44,James,JamesTDuffy@armyspy.com,3
1,1,45,45,Jonathan,JonathanJLane@jourrapide.com,2
1,1,46,46,Peter,PeterJHoward@armyspy.com,5
1,1,47,47,Irene,IreneGMartin@cuvox.de,1
1,1,48,48,David,DavidLJameson@einrot.com,1
1,1,49,49,Lewis,LewisTSyed@gustr.com,1
1,1,50,50,Nellie,NellieABaird@armyspy.com,1
