form,label,showLabel,alias,type,isCustom,customParameters,defaultValue,isRequired,validationMessage,helpMessage,order,properties,labelAttr,inputAttr
1,Name,1,name,text,0,a:0:{},NULL,1,NULL,NULL,1,"a:1:{s:11:\"placeholder\";N;}",NULL,NULL
1,Email,1,email,email,0,a:0:{},NULL,1,NULL,NULL,2,"a:1:{s:11:\"placeholder\";N;}",NULL,NULL
1,Number of attendees,1,numberofattendees,number,0,a:0:{},1,1,NULL,NULL,3,"a:1:{s:11:\"placeholder\";N;}",NULL,NULL
1,Register,1,register,button,0,a:0:{},NULL,0,NULL,NULL,4,"a:1:{s:4:\"type\";s:6:\"submit\";}",NULL,NULL
2,Nombre,1,nombre,text,0,a:0:{},NULL,1,NULL,NULL,1,"a:1:{s:11:\"placeholder\";N;}",NULL,NULL
2,Email,1,email,email,0,a:0:{},NULL,1,NULL,NULL,2,"a:1:{s:11:\"placeholder\";N;}",NULL,NULL
2,Numero de asistentes,1,nmerodeasistentes,number,0,a:0:{},1,1,NULL,NULL,3,"a:1:{s:11:\"placeholder\";N;}",NULL,NULL
2,Registro,1,registro,button,0,a:0:{},NULL,0,NULL,NULL,4,"a:1:{s:4:\"type\";s:6:\"submit\";}",NULL,NULL